,description
Theory,"The ""Theory"" category likely refers to research papers that delve into the theoretical aspects of machine learning and artificial intelligence. This includes a broad array of topics such as theoretical foundations of various machine learning algorithms, performance analysis, studies on learning theory, statistical learning, information theory, and optimization methods. Additionally, it could encompass the development of new theoretical frameworks, investigations into the essence of intelligence, the potential for artificial general intelligence, as well as the ethical implications surrounding AI. Essentially, the ""Theory"" category encapsulates papers that primarily focus on theoretical concepts and discussions, contrasting with more application-oriented research which centers on specific techniques and their practical implementation."
Reinforcement_Learning,"The ""Reinforcement Learning"" category refers to research papers focusing on the area of machine learning known as reinforcement learning (RL). Reinforcement learning is a type of machine learning where an agent learns to make decisions by taking actions in an environment to achieve a goal. The agent learns from the consequences of its actions, rather than from being explicitly taught, and adjusts its behavior based on the positive or negative feedback it receives, known as rewards or penalties. This category would include research exploring various RL algorithms, methodologies, theoretical underpinnings, performance enhancements, and practical applications. This field is particularly relevant in areas where decision making is crucial, such as game playing, robotics, resource management, and autonomous driving."
Genetic_Algorithms,"The ""Genetic Algorithms"" category would include research papers related to genetic algorithms (GAs). Genetic algorithms are a type of optimization and search algorithms inspired by the process of natural selection and genetics. These algorithms generate solutions to optimization problems using techniques inspired by natural evolution, such as inheritance, mutation, selection, and crossover. In practice, genetic algorithms can be used to find solutions to complex problems that are difficult to solve with traditional methods, particularly in domains where the search space is large, complex, or poorly understood. This category would cover various aspects of genetic algorithms, including their design, analysis, implementation, theoretical background, and diverse applications."
Neural_Networks,"The ""Neural Networks"" category refers to research papers revolving around the concept of artificial neural networks (ANNs). Neural networks are a subset of machine learning algorithms modelled after the human brain, designed to ""learn"" from observational data. They are the foundation of deep learning technologies and can process complex data inputs, find patterns, and make decisions. The network consists of interconnected layers of nodes, or ""neurons"", and each connection is assigned a weight that shapes the data and helps produce a meaningful output. Topics covered under this category could range from the architecture and function of different neural network models, advancements in training techniques, to their application in a multitude of fields such as image and speech recognition, natural language processing, and medical diagnosis."
Probabilistic_Methods,"The ""Probabilistic Methods"" category pertains to research papers that focus on probabilistic methods and models in machine learning and artificial intelligence. Probabilistic methods use the mathematics of probability to make predictions and decisions. They provide a framework to handle and quantify the uncertainty and incomplete information, which is a common scenario in real-world problems. This category could include topics like Bayesian networks, Gaussian processes, Markov decision processes, and statistical techniques for prediction and inference. These methods have applications in various areas such as computer vision, natural language processing, robotics, and data analysis, among others, due to their ability to model complex, uncertain systems and make probabilistic predictions."
Case_Based,"The ""Case Based"" category refers to research papers focusing on case-based reasoning (CBR) in the field of artificial intelligence. Case-based reasoning is a problem-solving approach that utilizes specific knowledge of previously encountered, concrete problem situations (cases). In this method, a new problem is solved by finding similar past cases and reusing them in the new situation. The approach relies on the idea of learning from past experiences to solve new problems, which makes it relevant in many applications including medical diagnosis, legal decision-making, and others. Thus, the ""Case Based"" category would include papers that primarily focus on this particular methodology and its various aspects."
Rule_Learning,"The ""Rule Learning"" category pertains to research papers that concentrate on the domain of rule-based learning, also known as rule-based machine learning. Rule learning is a method in machine learning that involves the generation of a set of rules to predict the output in a decision-making system based on the patterns discovered from the data. These rules are often in an ""if-then"" format, making them interpretable and transparent. This category would encompass research involving various rule learning algorithms, their enhancements, theoretical foundations, and applications. Rule learning methods are particularly beneficial in domains where interpretability and understanding of the learned knowledge is important, such as in medical diagnosis, credit risk prediction, and more."
